x_elbow	y_elbow	gain_vector
1	266044.264089216	0
2	222779.58901526	0.162622093064363
3	217817.024097443	0.0222756713923049
