x_elbow	y_elbow	gain_vector
1	229156.128536088	0
2	187439.242716922	0.182045691230971
3	183537.073473461	0.0208183152412441
