x_elbow	y_elbow	gain_vector
1	266296.35813437	0
2	223124.156654793	0.162120885850767
