x_elbow	y_elbow	gain_vector
1	205656.194180642	0
2	121450.157030263	0.409450527302935
3	101865.926931883	0.161253229944364
4	98249.2650822368	0.0355041372378113
5	96139.5205655516	0.0214733872555618
6	96014.6258101493	0.00129909900390194
7	95082.0223304441	0.00971313976215712
8	95021.3120354286	0.000638504456757091
9	99180.5199671875	-0.0437713165885158
