x_elbow	y_elbow	gain_vector
1	229175.587783901	0
2	187539.773335814	0.181676481560274
