x_elbow	y_elbow	gain_vector
1	285088.698521867	0
2	217407.700151033	0.237403301925847
3	209931.528247799	0.034387797203322
4	201848.992488733	0.0385008189409529
